user_id,full_name,department,designation,experience_level
1,Maria Ortiz,Design,Visual Designer,Lead
2,Michael Costa,Human Resources,Recruiter,Mid
3,Samuel Johnson,Sales,Sales Analyst,Junior
4,Christina Snyder,Human Resources,Compensation Analyst,Lead
5,Savannah Mills,Engineering,ML Engineer,Senior
6,Erin Anderson,Marketing,SEO Specialist,Lead
7,Mike Zimmerman,Sales,Customer Success Manager,Mid
8,David King,Design,Visual Designer,Senior
9,Scott Nelson,Human Resources,Recruiter,Lead
10,Steven Booth,Human Resources,HR Generalist,Mid
11,Amanda Green,Design,Product Designer,Lead
12,Thomas Martinez,Human Resources,Compensation Analyst,Senior
13,Daniel Gibbs,Engineering,Data Engineer,Junior
14,William Parker,Engineering,Backend Developer,Senior
15,Cheryl Carter,Engineering,Data Engineer,Mid
16,Yolanda Allen,Marketing,Marketing Analyst,Senior
17,Anthony Lee,Marketing,SEO Specialist,Mid
18,Joseph Armstrong,Human Resources,Recruiter,Senior
19,Christopher Peters,Sales,Business Dev Rep,Mid
20,Gregory Mcpherson,Finance,Budget Analyst,Senior
21,Alexis Krueger,Design,Visual Designer,Mid
22,Jean Petty,Finance,Financial Analyst,Mid
23,Thomas Jackson,Design,Visual Designer,Lead
24,Megan Mullen,Operations,Logistics Coordinator,Senior
25,Matthew Shepard,Finance,Risk Analyst,Mid
26,Cody Hawkins,Marketing,Brand Manager,Senior
27,Anthony Smith,Finance,Financial Analyst,Mid
28,Matthew Owens,Operations,Project Manager,Junior
29,Allison Garcia,Engineering,ML Engineer,Lead
30,Brooke Smith,Operations,Project Manager,Junior
31,Matthew Choi,Finance,Accountant,Senior
32,Aaron Lee DDS,Design,Creative Director,Lead
33,Christine Mcdonald,Sales,Business Dev Rep,Mid
34,Joshua Avila,Operations,Supply Chain Lead,Lead
35,Dr. David Wade MD,Marketing,Growth Marketer,Junior
36,Angel Gibson,Engineering,Data Engineer,Senior
37,Cynthia Spencer,Sales,Sales Analyst,Lead
38,Jason Pugh,Sales,Customer Success Manager,Mid
39,Katie Pitts,Engineering,Backend Developer,Junior
40,Katrina Brooks,Marketing,Brand Manager,Mid
41,Kristy Freeman,Sales,Sales Executive,Junior
42,Christian Lee,Design,UI Designer,Lead
43,Kimberly Hampton,Human Resources,HR Generalist,Senior
44,James Peters,Marketing,Brand Manager,Junior
45,Tyrone Reid,Marketing,Growth Marketer,Lead
46,John Randall,Engineering,ML Engineer,Senior
47,Melissa Wiley,Design,Visual Designer,Lead
48,Holly Butler,Marketing,SEO Specialist,Lead
49,Anthony Vargas,Operations,Supply Chain Lead,Junior
50,Rachel Morgan,Marketing,Growth Marketer,Lead
51,Nancy Riley,Operations,Supply Chain Lead,Junior
52,Timothy Vega,Operations,Supply Chain Lead,Junior
53,Cheryl Gonzalez,Engineering,Backend Developer,Junior
54,Thomas Ramos,Sales,Business Dev Rep,Lead
55,Melissa Burnett,Design,Visual Designer,Lead
56,Dakota Mccarty,Finance,Budget Analyst,Mid
57,Zachary Foster,Marketing,SEO Specialist,Junior
58,Eric Miranda,Operations,Logistics Coordinator,Lead
59,Charles Jones,Human Resources,Compensation Analyst,Junior
60,Kenneth Richardson,Finance,Accountant,Senior
61,Beth Mitchell,Sales,Sales Analyst,Junior
62,Erika Benson,Operations,Project Manager,Mid
63,Paul Alvarado,Finance,Controller,Lead
64,Michael Reed,Operations,Process Analyst,Mid
65,Natalie Mitchell,Engineering,ML Engineer,Mid
66,Lori Shields,Design,Visual Designer,Senior
67,Suzanne Stephens,Finance,Accountant,Mid
68,Nicolas House,Marketing,Marketing Analyst,Senior
69,Michelle Jacobs,Sales,Business Dev Rep,Mid
70,Curtis Dean,Design,UX Researcher,Senior
71,Jeremy Rowe,Marketing,SEO Specialist,Lead
72,Jeffrey Sheppard,Engineering,Software Engineer,Senior
73,Kimberly Lee,Design,Product Designer,Senior
74,Isabella Moran,Marketing,SEO Specialist,Mid
75,Sandra Walker,Sales,Sales Analyst,Junior
76,Mary Thompson,Engineering,Software Engineer,Senior
77,David Silva,Design,Visual Designer,Senior
78,Mr. Travis Jones,Marketing,Brand Manager,Junior
79,Kathleen Lloyd,Human Resources,HR Generalist,Lead
80,Melissa Gray,Finance,Accountant,Senior
81,Christina Baker,Finance,Controller,Lead
82,Jacob Valenzuela,Finance,Accountant,Mid
83,Amy Peterson,Finance,Accountant,Lead
84,Joseph Dixon,Sales,Business Dev Rep,Lead
85,Christina Bowman,Sales,Account Manager,Senior
86,Alice Hernandez,Marketing,Marketing Analyst,Lead
87,Luis Garrison,Sales,Account Manager,Mid
88,Sara Kelley,Operations,Operations Analyst,Senior
89,Mary Evans,Finance,Accountant,Junior
90,Mr. Gary Diaz,Operations,Logistics Coordinator,Mid
91,Christine Freeman,Finance,Budget Analyst,Mid
92,Antonio Black,Finance,Controller,Senior
93,Kelly Mcneil,Marketing,Growth Marketer,Lead
94,Mario Liu,Finance,Risk Analyst,Lead
95,Randy Anderson,Operations,Project Manager,Mid
96,Olivia Norman,Engineering,Software Engineer,Senior
97,Amanda Miller,Marketing,SEO Specialist,Mid
98,Austin Pruitt,Sales,Sales Executive,Mid
99,David Hardy,Human Resources,L&D Specialist,Senior
100,Scott Bell,Human Resources,Recruiter,Junior
101,Sara Jones,Engineering,Software Engineer,Lead
102,James Zimmerman,Engineering,Software Engineer,Senior
103,Javier Clark,Human Resources,Talent Manager,Senior
104,Jennifer Wong,Marketing,Content Strategist,Junior
105,Justin Raymond,Sales,Business Dev Rep,Mid
106,David Barton,Engineering,Data Engineer,Senior
107,Jordan Ortiz,Operations,Process Analyst,Mid
108,Gary Yates,Operations,Project Manager,Mid
109,Danielle Garza,Marketing,Content Strategist,Lead
110,Brooke Daniel MD,Engineering,ML Engineer,Mid
111,Bryan Carpenter,Engineering,Software Engineer,Mid
112,Michelle Vargas,Operations,Supply Chain Lead,Lead
113,Cheryl Baker,Design,Visual Designer,Senior
114,William Davis,Sales,Business Dev Rep,Senior
115,Janet Vincent,Sales,Sales Analyst,Senior
116,Tom Rojas,Marketing,Marketing Analyst,Senior
117,Amber Rhodes,Finance,Controller,Mid
118,Lee Price,Finance,Risk Analyst,Junior
119,John Collins,Human Resources,HR Generalist,Lead
120,Luis Wilson,Human Resources,Compensation Analyst,Mid
121,Javier Pruitt,Sales,Account Manager,Mid
122,Denise Cox,Human Resources,Talent Manager,Mid
123,Fernando Shah,Operations,Project Manager,Junior
124,Cassandra Guerra,Operations,Operations Analyst,Senior
125,Sharon Butler,Human Resources,HR Generalist,Senior
126,Michael Lopez,Marketing,SEO Specialist,Mid
127,Ashley Bradley,Operations,Operations Analyst,Junior
128,Kevin Young,Design,Product Designer,Junior
129,Samuel Goodwin,Design,UI Designer,Junior
130,Hannah Powell,Operations,Project Manager,Lead
131,Courtney Vega,Sales,Business Dev Rep,Lead
132,Christopher Turner,Operations,Supply Chain Lead,Junior
133,Linda Mckinney,Human Resources,Talent Manager,Junior
134,Jessica Melton,Engineering,ML Engineer,Lead
135,Katelyn Robinson,Marketing,Growth Marketer,Mid
136,Amber Pratt,Engineering,ML Engineer,Mid
137,Yolanda Allison,Engineering,ML Engineer,Senior
138,Melissa Price,Human Resources,Recruiter,Junior
139,Timothy Sanders,Finance,Risk Analyst,Mid
140,Aimee Davis,Operations,Project Manager,Senior
141,Margaret Mcgee,Marketing,Content Strategist,Junior
142,Brooke Henry,Marketing,Content Strategist,Junior
143,Laura Riggs,Marketing,Brand Manager,Senior
144,Michael Rios,Sales,Customer Success Manager,Lead
145,Wayne Perry,Marketing,Marketing Analyst,Senior
146,Shelley Evans,Sales,Account Manager,Junior
147,Martha Page,Human Resources,L&D Specialist,Lead
148,Connor Harris,Human Resources,HR Generalist,Lead
149,Tyler Fisher,Operations,Project Manager,Mid
150,Wendy Moore,Design,UI Designer,Senior
151,Travis Cox,Sales,Sales Executive,Junior
152,Paula Irwin,Engineering,ML Engineer,Lead
153,Ian Wiley,Operations,Supply Chain Lead,Senior
154,Cody Ayala,Human Resources,Talent Manager,Senior
155,Maurice Drake,Operations,Process Analyst,Lead
156,Michelle Mitchell,Operations,Logistics Coordinator,Junior
157,Linda Hill,Operations,Process Analyst,Junior
158,Stephanie Mcintosh,Human Resources,HR Generalist,Mid
159,Michele Richmond,Finance,Accountant,Senior
160,Jennifer Collins,Human Resources,Compensation Analyst,Lead
161,Scott Osborn,Finance,Controller,Senior
162,Rebecca Lam,Design,UX Researcher,Lead
163,James Fernandez,Engineering,DevOps Engineer,Mid
164,Brooke Gibson,Human Resources,L&D Specialist,Junior
165,Anthony Chandler,Sales,Customer Success Manager,Junior
166,Tiffany Santiago,Finance,Controller,Lead
167,Mary Robinson,Marketing,Marketing Analyst,Junior
168,Corey Palmer,Design,UX Researcher,Senior
169,Kristie Johnson,Design,Visual Designer,Mid
170,Michael Salazar,Design,Visual Designer,Junior
171,Debra Gonzalez,Marketing,SEO Specialist,Senior
172,Danielle Hamilton,Marketing,Brand Manager,Mid
173,Annette Ayala,Sales,Customer Success Manager,Lead
174,Samuel Hartman,Human Resources,Recruiter,Lead
175,Tamara Tapia,Human Resources,Compensation Analyst,Mid
176,Cathy Cervantes,Design,UI Designer,Senior
177,Corey Mathis,Design,Visual Designer,Lead
178,Ricardo Hall,Design,UI Designer,Lead
179,Anthony Wilkerson,Human Resources,Talent Manager,Junior
180,Tina Wagner,Sales,Sales Analyst,Junior
181,Janet Hernandez,Sales,Sales Executive,Lead
182,Julian Meyer,Operations,Logistics Coordinator,Mid
183,Jonathan Cox,Engineering,Backend Developer,Lead
184,Anthony Ward,Marketing,Growth Marketer,Junior
185,Natasha Parker DDS,Sales,Sales Analyst,Junior
186,Karina Brown,Design,Visual Designer,Junior
187,Melinda Clayton,Marketing,Growth Marketer,Senior
188,Traci Mejia,Operations,Logistics Coordinator,Senior
189,Andre Hall,Sales,Business Dev Rep,Mid
190,Drew Kennedy,Finance,Controller,Mid
191,Matthew Scott,Finance,Accountant,Mid
192,Brett Vargas,Finance,Accountant,Lead
193,Rhonda Reed,Human Resources,Recruiter,Junior
194,Sandra Griffin,Operations,Supply Chain Lead,Lead
195,Beth Martinez,Engineering,Backend Developer,Senior
196,Erika White,Design,UX Researcher,Lead
197,Erica Wilson,Design,UI Designer,Junior
198,Gary Jacobs,Finance,Budget Analyst,Senior
199,Tony Hudson,Marketing,Brand Manager,Mid
200,Jerry Blankenship,Marketing,Content Strategist,Mid
201,Eric Lewis,Operations,Project Manager,Junior
202,Tracy Warren,Finance,Controller,Mid
203,Amber Cohen,Sales,Sales Executive,Mid
204,Craig Burton,Operations,Process Analyst,Junior
205,Breanna Hall,Finance,Risk Analyst,Junior
206,Tim Davila,Sales,Sales Analyst,Lead
207,Nicholas Mcintosh,Design,Creative Director,Junior
208,Alexis Lopez,Engineering,Backend Developer,Senior
209,Sarah Turner,Operations,Logistics Coordinator,Mid
210,Gabriel Pierce,Operations,Process Analyst,Senior
211,Amanda Morris,Finance,Financial Analyst,Senior
212,Charles Rogers,Design,Creative Director,Senior
213,Frances Rodriguez,Sales,Account Manager,Lead
214,Alison Ramirez,Finance,Accountant,Junior
215,Jessica Hall,Engineering,Software Engineer,Junior
216,Heather Obrien,Sales,Sales Executive,Junior
217,Ian Rojas,Operations,Process Analyst,Senior
218,Madison Espinoza,Design,UX Researcher,Senior
219,David Wilson,Marketing,Growth Marketer,Junior
220,Justin Martinez,Sales,Sales Executive,Mid
221,James Reyes,Design,UX Researcher,Mid
222,Randy Gonzalez,Design,Visual Designer,Mid
223,Jessica Hill,Operations,Process Analyst,Mid
224,Jennifer Simpson,Engineering,DevOps Engineer,Junior
225,Brandi Weber,Marketing,SEO Specialist,Lead
226,George Perry,Operations,Supply Chain Lead,Mid
227,Billy Orozco,Finance,Financial Analyst,Junior
228,Michael Davis,Engineering,DevOps Engineer,Junior
229,Lori Nelson,Operations,Process Analyst,Lead
230,Joshua Smith,Human Resources,Recruiter,Mid
231,Daniel Gomez,Human Resources,L&D Specialist,Senior
232,Amy Gomez,Engineering,Backend Developer,Senior
233,Robert Kennedy,Finance,Financial Analyst,Junior
234,Peter Davenport,Marketing,Marketing Analyst,Senior
235,Stephanie Martinez,Human Resources,HR Generalist,Senior
236,Joseph Fletcher IV,Operations,Operations Analyst,Lead
237,John Glenn,Human Resources,HR Generalist,Lead
238,Melanie Johnson,Design,UI Designer,Junior
239,Jessica Lamb,Design,UX Researcher,Junior
240,Kim Weiss,Marketing,Marketing Analyst,Lead
241,Wendy Sanford,Finance,Budget Analyst,Lead
242,Jack Khan,Human Resources,Talent Manager,Senior
243,Emma Shah,Human Resources,Compensation Analyst,Junior
244,Andrea Guerra,Human Resources,L&D Specialist,Lead
245,Natalie Peters,Sales,Business Dev Rep,Lead
246,Christopher Diaz,Design,Visual Designer,Lead
247,James Harris,Operations,Supply Chain Lead,Senior
248,Sarah Carroll,Engineering,ML Engineer,Senior
249,Allen Smith Jr.,Design,UX Researcher,Senior
250,Sarah Barnes,Engineering,Software Engineer,Senior
251,Rebecca Rasmussen,Design,Product Designer,Mid
252,Sheila Richardson,Operations,Logistics Coordinator,Senior
253,Tyler Garcia,Engineering,Backend Developer,Senior
254,Jeffrey Baxter,Design,UI Designer,Senior
255,Julie Allen,Sales,Account Manager,Senior
256,Robert Jordan,Operations,Logistics Coordinator,Junior
257,John Ramirez,Engineering,Software Engineer,Mid
258,Tina Sheppard,Design,Creative Director,Mid
259,Miranda Turner,Design,UX Researcher,Senior
260,Deborah Moore,Engineering,ML Engineer,Lead
261,Holly Griffin,Human Resources,Compensation Analyst,Junior
262,James Jackson,Operations,Supply Chain Lead,Senior
263,Cynthia Johnson,Design,Product Designer,Junior
264,James Evans,Finance,Budget Analyst,Junior
265,Kristy Gordon,Design,Product Designer,Mid
266,Edward Russo,Human Resources,Recruiter,Lead
267,Kevin Baker,Finance,Accountant,Senior
268,Joseph Wallace,Sales,Sales Executive,Mid
269,Mark Morgan,Sales,Sales Executive,Senior
270,Dylan Dougherty,Operations,Process Analyst,Lead
271,Jack Gordon,Sales,Account Manager,Lead
272,Sandra Stevens,Sales,Business Dev Rep,Senior
273,Ryan Carter,Operations,Logistics Coordinator,Senior
274,Andrew Ellis,Finance,Accountant,Senior
275,Trevor Sandoval,Sales,Sales Executive,Senior
276,Bryan Smith,Marketing,SEO Specialist,Junior
277,Jason Nelson,Design,Product Designer,Lead
278,Robert Myers,Operations,Operations Analyst,Mid
279,Nicole White,Engineering,Backend Developer,Lead
280,Joshua Brown,Human Resources,Compensation Analyst,Mid
281,Katherine Fuller,Design,Creative Director,Mid
282,Angela Mills,Human Resources,Recruiter,Lead
283,Carmen Collins,Operations,Project Manager,Lead
284,Mitchell Sanders,Finance,Risk Analyst,Mid
285,Catherine Gomez,Engineering,Software Engineer,Senior
286,Kevin Baker MD,Design,Visual Designer,Senior
287,Michael Moore,Human Resources,HR Generalist,Mid
288,Erika Glass,Human Resources,HR Generalist,Senior
289,Martin Gonzalez,Finance,Financial Analyst,Lead
290,Theodore Kidd,Marketing,Brand Manager,Senior
291,Amy Mueller,Engineering,Backend Developer,Lead
292,Ashley Brown,Marketing,SEO Specialist,Senior
293,Abigail Myers,Finance,Budget Analyst,Junior
294,Charles Johnson,Sales,Business Dev Rep,Junior
295,Karen Mcneil,Marketing,Content Strategist,Lead
296,Susan Howe,Sales,Sales Analyst,Mid
297,Derek Smith,Human Resources,L&D Specialist,Senior
298,Kimberly Johnson,Marketing,SEO Specialist,Senior
299,Daniel Nunez,Human Resources,HR Generalist,Junior
300,Stefanie Austin,Finance,Budget Analyst,Lead
301,Mallory Smith,Human Resources,HR Generalist,Mid
302,Dennis Delgado,Design,Visual Designer,Junior
303,Terri Stevens,Operations,Supply Chain Lead,Senior
304,Taylor Conner,Finance,Financial Analyst,Mid
305,Sydney Roth,Finance,Accountant,Senior
306,Joseph Vaughn,Operations,Operations Analyst,Lead
307,Justin Griffin,Design,Product Designer,Senior
308,Timothy Rice,Marketing,SEO Specialist,Senior
309,Sean Hall,Design,Product Designer,Mid
310,James Miller,Human Resources,Recruiter,Lead
311,Kimberly Johnson,Operations,Project Manager,Lead
312,Susan White,Marketing,Marketing Analyst,Junior
313,Benjamin Hines,Marketing,SEO Specialist,Lead
314,James Webb,Design,UI Designer,Lead
315,Lisa Jenkins,Finance,Controller,Senior
316,Ashley Beck,Human Resources,Recruiter,Mid
317,Jessica Davis,Finance,Financial Analyst,Junior
318,Tina Bell,Operations,Operations Analyst,Lead
319,Lauren Allen,Engineering,Data Engineer,Lead
320,Kyle Smith,Engineering,DevOps Engineer,Mid
321,Gary Santana,Human Resources,Talent Manager,Mid
322,Leslie Jones,Finance,Accountant,Mid
323,Jaime Alexander,Human Resources,Talent Manager,Mid
324,Michael Fox,Operations,Process Analyst,Senior
325,Kimberly Gardner,Sales,Business Dev Rep,Mid
326,Wesley Herring,Sales,Sales Analyst,Senior
327,Joseph Bowen,Sales,Sales Executive,Senior
328,David Oconnor,Sales,Account Manager,Mid
329,Nathan Howard,Design,Visual Designer,Senior
330,Jim Carr,Engineering,Backend Developer,Senior
331,Dr. Matthew Ruiz,Human Resources,HR Generalist,Mid
332,Amanda Ibarra,Design,UI Designer,Mid
333,Melissa Stewart,Engineering,Software Engineer,Lead
334,Michael Allen,Finance,Risk Analyst,Senior
335,Joseph Patterson,Operations,Logistics Coordinator,Senior
336,Judy Martinez,Operations,Supply Chain Lead,Senior
337,Samantha Wallace,Operations,Supply Chain Lead,Mid
338,John Lopez,Finance,Accountant,Junior
339,Henry Mendez Jr.,Operations,Project Manager,Lead
340,Bailey Perez,Finance,Budget Analyst,Mid
341,Kelly Clark,Sales,Business Dev Rep,Mid
342,Bobby Contreras,Engineering,DevOps Engineer,Junior
343,Lori Reynolds,Finance,Budget Analyst,Senior
344,Darrell Reese,Finance,Controller,Lead
345,Adam Miller,Operations,Project Manager,Junior
346,Emma Brooks,Finance,Budget Analyst,Junior
347,Jim Graves,Human Resources,Compensation Analyst,Senior
348,Diamond Combs,Engineering,Backend Developer,Lead
349,Bradley Contreras,Engineering,ML Engineer,Junior
350,Joseph Johnson,Finance,Risk Analyst,Lead
351,Joseph Payne,Marketing,Content Strategist,Lead
352,Monica Pollard,Design,UI Designer,Lead
353,Donna Peters,Operations,Logistics Coordinator,Junior
354,Albert Mills,Design,UX Researcher,Mid
355,Sarah Dunn,Human Resources,L&D Specialist,Junior
356,Ronnie Baker,Human Resources,L&D Specialist,Junior
357,Jamie Maddox,Human Resources,Talent Manager,Junior
358,Kristen Clarke,Marketing,Brand Manager,Senior
359,Ashley Campos,Operations,Logistics Coordinator,Mid
360,Lisa Martin,Sales,Business Dev Rep,Mid
361,Amanda Castillo,Engineering,Backend Developer,Lead
362,Miss Jill Reed,Design,Visual Designer,Mid
363,William Lewis,Sales,Business Dev Rep,Junior
364,Thomas Murphy,Human Resources,HR Generalist,Junior
365,Debra Lee,Finance,Budget Analyst,Lead
366,Megan Adams,Operations,Process Analyst,Mid
367,Tina Armstrong,Sales,Account Manager,Senior
368,Benjamin Harmon,Finance,Risk Analyst,Senior
369,Stacey Brown,Operations,Project Manager,Mid
370,Sherri Good,Finance,Accountant,Junior
371,Edward Hunter,Operations,Supply Chain Lead,Junior
372,Aaron Gaines,Engineering,Backend Developer,Junior
373,Adam Sampson,Engineering,Data Engineer,Junior
374,Nicole Brady,Operations,Process Analyst,Lead
375,Jordan Wood,Finance,Financial Analyst,Mid
376,Jerry Cooley,Engineering,Software Engineer,Lead
377,Nicholas Gomez,Human Resources,L&D Specialist,Mid
378,Ian Perry,Finance,Budget Analyst,Junior
379,David Rogers,Engineering,Software Engineer,Junior
380,Elizabeth Mora,Human Resources,HR Generalist,Mid
381,Cory Lin,Operations,Logistics Coordinator,Mid
382,Cameron Rodgers,Operations,Project Manager,Junior
383,Bianca Martinez,Operations,Process Analyst,Junior
384,Linda Mueller,Finance,Controller,Junior
385,Justin Swanson,Human Resources,Compensation Analyst,Senior
386,Kendra Combs,Design,UI Designer,Senior
387,James Thomas,Finance,Financial Analyst,Mid
388,Kimberly Elliott,Finance,Accountant,Junior
389,Zachary Gibbs,Human Resources,Compensation Analyst,Mid
390,Ryan Dunn,Design,Creative Director,Junior
391,Jessica Becker,Engineering,Software Engineer,Mid
392,Shawn Hall,Marketing,Marketing Analyst,Lead
393,Marcus Bailey,Engineering,Backend Developer,Junior
394,Isabella Sosa,Design,UX Researcher,Senior
395,Shaun Lopez,Human Resources,HR Generalist,Senior
396,William Hall,Design,UI Designer,Lead
397,Rachel Noble,Marketing,Growth Marketer,Lead
398,Cory Stewart,Operations,Process Analyst,Lead
399,Gregory Tyler,Design,Creative Director,Junior
400,Matthew Peters,Design,UI Designer,Lead
401,Sara Monroe,Engineering,Software Engineer,Mid
402,Ethan Spears,Design,UX Researcher,Mid
403,Diana Morales,Finance,Financial Analyst,Mid
404,Hannah Beck,Human Resources,Compensation Analyst,Junior
405,Anne Pope,Finance,Accountant,Senior
406,Michelle Davis,Finance,Budget Analyst,Junior
407,Rodney Wilkinson,Marketing,Content Strategist,Senior
408,Samuel Smith,Finance,Risk Analyst,Lead
409,Gabriel Flores,Operations,Process Analyst,Lead
410,Joshua Hawkins,Operations,Operations Analyst,Junior
411,Mikayla Fisher,Marketing,Brand Manager,Senior
412,Shelly Walker,Operations,Supply Chain Lead,Mid
413,Allen Swanson,Human Resources,Talent Manager,Junior
414,Austin Green,Engineering,Backend Developer,Senior
415,Julie Davis,Engineering,Data Engineer,Mid
416,Allison Brown,Human Resources,Talent Manager,Junior
417,Pamela Hogan,Human Resources,HR Generalist,Lead
418,Melissa Kelly,Sales,Sales Analyst,Junior
419,Monique Davis,Sales,Customer Success Manager,Junior
420,Mary Kelly,Finance,Accountant,Junior
421,Sharon Huff,Finance,Accountant,Senior
422,Mary Mack,Marketing,SEO Specialist,Mid
423,Holly Thomas,Human Resources,HR Generalist,Lead
424,Shaun Flores,Human Resources,Talent Manager,Lead
425,Victoria Rogers,Marketing,Marketing Analyst,Senior
426,Bryan Ryan,Sales,Account Manager,Lead
427,Roberto Brown,Sales,Account Manager,Lead
428,Cynthia Bean,Human Resources,Recruiter,Senior
429,John Edwards,Human Resources,L&D Specialist,Senior
430,Jennifer Guzman,Sales,Customer Success Manager,Junior
431,Cory Caldwell,Operations,Project Manager,Junior
432,Tammy Elliott,Marketing,SEO Specialist,Lead
433,Mark Hebert,Sales,Sales Analyst,Mid
434,Gregory Dominguez,Finance,Risk Analyst,Junior
435,Tamara Leonard,Sales,Account Manager,Senior
436,Robert Stewart,Sales,Customer Success Manager,Lead
437,Joshua Moore,Finance,Accountant,Mid
438,Jacob Giles,Marketing,Content Strategist,Mid
439,Roberto Turner,Finance,Financial Analyst,Mid
440,David Gomez,Engineering,DevOps Engineer,Senior
441,Lauren Keller,Human Resources,Talent Manager,Mid
442,Jill Perry,Marketing,Growth Marketer,Senior
443,Crystal Jenkins,Sales,Business Dev Rep,Senior
444,Julie Jones,Finance,Risk Analyst,Senior
445,Courtney Evans,Marketing,Content Strategist,Junior
446,Destiny Mcgrath,Sales,Business Dev Rep,Junior
447,Taylor Jones,Human Resources,L&D Specialist,Junior
448,Gary Barrett,Engineering,DevOps Engineer,Lead
449,William Sullivan,Sales,Customer Success Manager,Senior
450,John Gilmore,Design,Creative Director,Mid
451,Melissa Murphy,Marketing,Marketing Analyst,Senior
452,Kristen Rodriguez,Operations,Logistics Coordinator,Mid
453,Elizabeth Snyder,Engineering,Software Engineer,Senior
454,Sandra Castillo,Design,Creative Director,Lead
455,Jeffrey Lee,Human Resources,Recruiter,Lead
456,Kristen Dominguez,Design,Creative Director,Junior
457,Meghan Tucker,Engineering,DevOps Engineer,Mid
458,Rachel Mack,Operations,Supply Chain Lead,Junior
459,Matthew Flowers,Design,UI Designer,Lead
460,Miss Sabrina Suarez DDS,Finance,Budget Analyst,Mid
461,Brian Cline,Human Resources,Talent Manager,Senior
462,Sara Robles,Finance,Budget Analyst,Mid
463,Russell Reid,Finance,Accountant,Junior
464,Jennifer Lewis,Design,Product Designer,Senior
465,Dr. Patricia Mcdonald,Design,UX Researcher,Mid
466,Christopher Gibson,Design,Product Designer,Senior
467,Morgan Phillips,Finance,Accountant,Mid
468,Sherry Bryan,Marketing,Marketing Analyst,Senior
469,Felicia Bird,Finance,Risk Analyst,Junior
470,Carol Perkins,Finance,Accountant,Junior
471,Lindsey Clark,Marketing,SEO Specialist,Senior
472,Kyle Haley,Human Resources,L&D Specialist,Mid
473,Ryan Freeman,Engineering,Software Engineer,Mid
474,Glenn Thomas,Finance,Financial Analyst,Mid
475,Dylan Martinez,Human Resources,L&D Specialist,Junior
476,Travis Garrison,Sales,Account Manager,Lead
477,Mark Ali,Operations,Logistics Coordinator,Junior
478,Mary Adams,Finance,Controller,Lead
479,Donald Stewart,Engineering,Backend Developer,Mid
480,Sabrina Oneal,Finance,Accountant,Senior
481,Katherine Booker,Finance,Budget Analyst,Senior
482,Sarah Gould,Operations,Process Analyst,Senior
483,Tracy Harris,Finance,Accountant,Lead
484,Lindsay Avila,Finance,Controller,Lead
485,Theodore Russell,Finance,Risk Analyst,Lead
486,Stephen Carrillo,Human Resources,Recruiter,Senior
487,Jennifer Patterson,Design,UX Researcher,Senior
488,Dennis Mosley,Sales,Account Manager,Mid
489,Danielle Rodriguez,Design,UI Designer,Junior
490,Robert Tucker,Sales,Account Manager,Lead
491,Abigail Osborne,Design,UI Designer,Senior
492,Julie Lopez,Operations,Process Analyst,Junior
493,Matthew Daniels,Human Resources,HR Generalist,Mid
494,Steven Mcpherson,Design,Creative Director,Lead
495,Kelly Lee,Operations,Logistics Coordinator,Senior
496,Kimberly Fleming,Operations,Operations Analyst,Mid
497,Devon Kim,Finance,Budget Analyst,Senior
498,Leah Brown,Human Resources,Recruiter,Lead
499,Ricky Randolph,Marketing,Content Strategist,Mid
500,John Garcia,Sales,Business Dev Rep,Mid
501,Kenneth Cain,Operations,Supply Chain Lead,Senior
502,Linda Johnson,Human Resources,L&D Specialist,Senior
503,Jonathon Miller,Finance,Financial Analyst,Lead
504,Lori Brown,Human Resources,Recruiter,Junior
505,Terry Stevens,Marketing,SEO Specialist,Mid
506,Dustin Collier,Sales,Sales Analyst,Mid
507,Cheryl Frazier,Finance,Accountant,Lead
508,Angelica Hardy,Finance,Risk Analyst,Mid
509,Dr. Emily Carter,Design,Product Designer,Junior
510,Daniel Gibson,Human Resources,L&D Specialist,Mid
511,Nancy Wright,Operations,Operations Analyst,Lead
512,Michael Arias,Engineering,DevOps Engineer,Lead
513,Walter Lambert,Finance,Financial Analyst,Lead
514,Stacey David,Finance,Controller,Senior
515,Terry Bryan,Finance,Financial Analyst,Mid
516,Cesar Brandt,Sales,Sales Executive,Junior
517,Douglas Jones Jr.,Design,Product Designer,Mid
518,Jessica Johnson,Sales,Sales Executive,Mid
519,Donna Goodwin,Finance,Risk Analyst,Lead
520,Laura Cooper,Design,Creative Director,Mid
521,Jeremy Nguyen,Design,UI Designer,Junior
522,Mr. Ryan Pena,Human Resources,Talent Manager,Senior
523,Michael Leach,Design,UI Designer,Senior
524,Makayla Figueroa,Human Resources,HR Generalist,Senior
525,Terry Evans,Marketing,SEO Specialist,Mid
526,Sabrina Long,Finance,Financial Analyst,Mid
527,Jessica Martinez,Operations,Operations Analyst,Lead
528,Zachary Moss,Finance,Financial Analyst,Mid
529,Benjamin Ward,Human Resources,HR Generalist,Junior
530,Seth Hopkins,Design,UI Designer,Junior
531,Terrence Walker,Sales,Customer Success Manager,Junior
532,Cynthia Thompson,Design,Visual Designer,Lead
533,Emily Yang,Sales,Sales Analyst,Senior
534,Joseph Wagner,Engineering,ML Engineer,Junior
535,Robert Holmes,Design,UI Designer,Senior
536,Amanda Clark,Finance,Accountant,Senior
537,Benjamin Lopez,Sales,Account Manager,Junior
538,Shannon Spencer,Finance,Accountant,Mid
539,James Johnston,Marketing,SEO Specialist,Senior
540,Jeremiah Cooper,Design,Product Designer,Mid
541,Gabrielle Taylor,Finance,Budget Analyst,Lead
542,Jesus Jones,Marketing,Marketing Analyst,Mid
543,Mark Keith,Finance,Financial Analyst,Junior
544,Elizabeth Hill,Sales,Sales Analyst,Mid
545,Allison Griffin,Marketing,Content Strategist,Senior
546,William Lang,Human Resources,Talent Manager,Mid
547,Joe Greer,Sales,Sales Analyst,Lead
548,Scott Rivera,Marketing,Brand Manager,Lead
549,Samuel Brown,Finance,Risk Analyst,Mid
550,Megan Russell,Operations,Process Analyst,Lead
551,Holly Elliott,Engineering,DevOps Engineer,Lead
552,Susan Haynes,Finance,Budget Analyst,Junior
553,Donald Hernandez,Sales,Sales Executive,Senior
554,Teresa Johnston,Human Resources,L&D Specialist,Lead
555,Leslie Douglas,Marketing,SEO Specialist,Senior
556,Caleb Perry,Finance,Risk Analyst,Senior
557,Jonathan Estrada,Engineering,DevOps Engineer,Mid
558,Justin Norris,Engineering,DevOps Engineer,Senior
559,Sherry Griffin,Finance,Budget Analyst,Senior
560,John Torres,Operations,Project Manager,Lead
561,Sandra Gomez,Operations,Supply Chain Lead,Lead
562,Ashley Brown,Human Resources,Compensation Analyst,Senior
563,Michael Walker,Operations,Project Manager,Mid
564,Kristin Villegas,Marketing,Growth Marketer,Mid
565,Ricky Pineda,Sales,Sales Analyst,Junior
566,James Brown,Sales,Customer Success Manager,Mid
567,Ricky Dalton,Finance,Budget Analyst,Mid
568,April Sanders,Operations,Project Manager,Senior
569,Adam Francis,Engineering,Software Engineer,Lead
570,Donna Green,Marketing,Growth Marketer,Senior
571,Christopher Faulkner,Engineering,Data Engineer,Mid
572,Michael Fuentes,Marketing,Growth Marketer,Lead
573,Kara Harper,Design,UX Researcher,Lead
574,Deanna Hoffman,Human Resources,HR Generalist,Senior
575,Allison Hines,Sales,Customer Success Manager,Junior
576,Aaron David,Operations,Project Manager,Senior
577,Stephen Vasquez,Human Resources,L&D Specialist,Lead
578,Donald Phillips,Marketing,Content Strategist,Senior
579,Yvonne Mcdowell,Human Resources,Recruiter,Mid
580,Shirley Robinson,Design,Visual Designer,Lead
581,Kimberly Stewart,Human Resources,Recruiter,Senior
582,Richard Moss,Design,UI Designer,Mid
583,Shane Newton,Design,UX Researcher,Mid
584,Kevin Adams,Operations,Process Analyst,Mid
585,Angelica Spence,Finance,Financial Analyst,Junior
586,Jessica Swanson,Design,UI Designer,Senior
587,Zachary Wolfe,Engineering,Data Engineer,Mid
588,Zoe Reyes,Human Resources,L&D Specialist,Mid
589,Justin Johnson,Sales,Account Manager,Lead
590,Jorge Thompson,Design,Visual Designer,Mid
591,Jamie Spencer,Marketing,Growth Marketer,Mid
592,Paul Nelson,Sales,Sales Analyst,Mid
593,Linda Pace,Finance,Controller,Senior
594,Elizabeth Dawson,Design,UI Designer,Senior
595,Sheila Green,Human Resources,Recruiter,Mid
596,Melissa Elliott,Human Resources,L&D Specialist,Lead
597,Robert Jones,Design,Creative Director,Mid
598,Kimberly Hobbs,Engineering,Data Engineer,Junior
599,Victoria Shaw,Finance,Accountant,Senior
600,Jeffrey Walls,Design,UI Designer,Lead
601,Tim Neal,Human Resources,Talent Manager,Lead
602,Zachary Kelley,Finance,Accountant,Junior
603,Mrs. Sharon Smith,Marketing,Content Strategist,Mid
604,Megan Shepherd,Engineering,Backend Developer,Mid
605,Diane Clark,Operations,Operations Analyst,Junior
606,Courtney Sanders,Operations,Process Analyst,Senior
607,Blake Jones,Marketing,Marketing Analyst,Senior
608,Maxwell Lee,Finance,Budget Analyst,Lead
609,Francis Brewer,Design,UX Researcher,Lead
610,Kiara Santana,Operations,Supply Chain Lead,Lead
611,Jonathan Cabrera,Marketing,Content Strategist,Junior
612,Kristen Fox,Engineering,ML Engineer,Lead
613,Joyce Ross,Human Resources,Talent Manager,Junior
614,Dana Espinoza,Design,Visual Designer,Senior
615,Mary Rogers,Human Resources,Talent Manager,Mid
616,Sonya Mcguire,Finance,Controller,Lead
617,David Mueller,Design,Visual Designer,Mid
618,Joshua Medina,Operations,Operations Analyst,Lead
619,Jacob Atkinson,Human Resources,Compensation Analyst,Senior
620,James Miller,Engineering,Backend Developer,Lead
621,Karen Lawson,Human Resources,Compensation Analyst,Mid
622,Cynthia Parker,Finance,Accountant,Junior
623,Eric Vega,Human Resources,Talent Manager,Senior
624,James Martinez,Operations,Supply Chain Lead,Senior
625,Daniel Fuentes,Marketing,Brand Manager,Mid
626,Jeremiah Mckinney,Finance,Controller,Senior
627,Rebecca Dixon,Engineering,Backend Developer,Senior
628,Kevin Fernandez,Operations,Operations Analyst,Senior
629,Theresa Gonzalez,Engineering,Software Engineer,Mid
630,Rachel Andrews,Sales,Sales Analyst,Mid
631,John Fitzpatrick,Engineering,Data Engineer,Junior
632,Jose Hughes,Operations,Logistics Coordinator,Lead
633,Jordan Lawson,Design,UI Designer,Junior
634,John Lee,Sales,Sales Executive,Junior
635,Matthew Watts,Engineering,Software Engineer,Junior
636,Danny Jones,Sales,Account Manager,Lead
637,Aaron Anderson,Marketing,Growth Marketer,Lead
638,Angela Johnson,Finance,Controller,Mid
639,Mary Cannon,Sales,Sales Analyst,Junior
640,Daniel Mccall,Marketing,Growth Marketer,Lead
641,Walter Campbell,Finance,Budget Analyst,Senior
642,John Gomez,Marketing,Content Strategist,Mid
643,Michael Gomez,Operations,Process Analyst,Junior
644,Shaun Olsen,Operations,Supply Chain Lead,Mid
645,Juan Walsh,Design,UX Researcher,Lead
646,David Wilkinson,Marketing,SEO Specialist,Lead
647,Victoria Jones,Engineering,Data Engineer,Lead
648,Traci Fischer,Marketing,Marketing Analyst,Lead
649,Theresa Smith,Engineering,DevOps Engineer,Junior
650,Anthony Drake,Human Resources,HR Generalist,Lead
651,Lisa Nelson,Marketing,Marketing Analyst,Junior
652,Thomas Pruitt,Operations,Process Analyst,Senior
653,James Hughes,Design,Creative Director,Junior
654,Kristen Lawrence,Finance,Risk Analyst,Lead
655,Alexis Stokes,Sales,Sales Analyst,Senior
656,Sean Hernandez,Human Resources,Compensation Analyst,Junior
657,Nancy Holmes,Human Resources,HR Generalist,Lead
658,Pamela Payne,Marketing,Marketing Analyst,Mid
659,Shelby Turner,Design,UI Designer,Lead
660,Glenn Johnson,Human Resources,Talent Manager,Senior
661,Tamara Bradley,Sales,Sales Executive,Mid
662,Brian Reid,Human Resources,Compensation Analyst,Lead
663,Mason Anderson,Marketing,SEO Specialist,Mid
664,Robert Combs,Finance,Budget Analyst,Senior
665,Zachary Bird,Finance,Risk Analyst,Junior
666,Sierra Johnson,Human Resources,Talent Manager,Lead
667,Randall Adams,Finance,Accountant,Senior
668,Eric Jackson,Operations,Logistics Coordinator,Mid
669,Jason Crane,Operations,Logistics Coordinator,Mid
670,Dominique Mejia,Engineering,Data Engineer,Mid
671,Gregory Ortiz,Sales,Sales Analyst,Senior
672,Jimmy Torres,Sales,Sales Executive,Lead
673,Shane Solomon,Human Resources,L&D Specialist,Junior
674,Jamie King,Marketing,SEO Specialist,Senior
675,Catherine Weber,Human Resources,HR Generalist,Lead
676,Andrea Adams,Marketing,Growth Marketer,Lead
677,Maria Chambers,Design,UI Designer,Senior
678,Michelle Berry,Marketing,Growth Marketer,Junior
679,Jamie Stuart,Operations,Process Analyst,Senior
680,Mark Gilbert,Finance,Risk Analyst,Senior
681,Christian Nicholson,Sales,Account Manager,Senior
682,Karen Lawson,Human Resources,Recruiter,Mid
683,Robin Jennings,Engineering,Backend Developer,Junior
684,Tamara Simmons,Sales,Sales Executive,Mid
685,Gregory Edwards,Sales,Sales Analyst,Senior
686,Benjamin Clark,Finance,Controller,Senior
687,Cynthia Burke,Human Resources,HR Generalist,Lead
688,Patrick Moore,Operations,Process Analyst,Lead
689,Lisa Sanders,Operations,Project Manager,Lead
690,Melissa Perry,Human Resources,HR Generalist,Mid
691,Daniel Thomas,Marketing,Growth Marketer,Senior
692,Alicia Morris,Human Resources,Recruiter,Senior
693,Heather Lambert,Design,UI Designer,Junior
694,Samuel Craig,Engineering,Data Engineer,Lead
695,Tiffany Perez,Engineering,ML Engineer,Senior
696,Joy Barnes,Finance,Controller,Junior
697,James Johnson,Sales,Sales Executive,Lead
698,Helen Mccoy,Sales,Sales Analyst,Lead
699,Jerry Dominguez,Human Resources,Talent Manager,Mid
700,Gregory Sutton,Marketing,Growth Marketer,Junior
701,Adam Elliott,Operations,Operations Analyst,Junior
702,Richard Lee,Sales,Customer Success Manager,Mid
703,Christopher Sandoval,Design,UI Designer,Lead
704,Shawn Livingston MD,Human Resources,Talent Manager,Senior
705,Brittany Hall,Human Resources,Talent Manager,Senior
706,David Bailey,Design,Creative Director,Senior
707,Jason Maldonado,Sales,Customer Success Manager,Lead
708,Matthew Horne,Finance,Accountant,Mid
709,James Smith,Human Resources,Compensation Analyst,Senior
710,Kimberly Cole,Finance,Financial Analyst,Senior
711,Elizabeth Newman,Engineering,ML Engineer,Junior
712,Erin Parker,Operations,Operations Analyst,Junior
713,Jennifer Mason,Human Resources,Recruiter,Junior
714,Robert King,Operations,Project Manager,Senior
715,Roy Vasquez,Engineering,DevOps Engineer,Lead
716,Tiffany Holmes,Human Resources,HR Generalist,Lead
717,Joseph Allen,Human Resources,HR Generalist,Lead
718,Tyler Martinez,Human Resources,L&D Specialist,Lead
719,Katherine Stewart,Operations,Operations Analyst,Senior
720,Joseph Harmon,Finance,Accountant,Senior
721,Laura Mclaughlin MD,Sales,Account Manager,Mid
722,Jeremy Thornton,Marketing,SEO Specialist,Senior
723,Jennifer Reyes,Engineering,Software Engineer,Lead
724,Mary Espinoza,Engineering,ML Engineer,Senior
725,Kenneth Mcgee,Operations,Project Manager,Junior
726,Terri Duncan,Sales,Account Manager,Senior
727,Timothy Soto,Engineering,Data Engineer,Lead
728,Kathryn Williams,Engineering,Data Engineer,Lead
729,Kara Foley,Human Resources,Compensation Analyst,Senior
730,Bradley Gill,Human Resources,Talent Manager,Mid
731,Caroline Adkins,Operations,Operations Analyst,Mid
732,Alexis Crawford,Operations,Logistics Coordinator,Senior
733,James Stafford,Marketing,SEO Specialist,Lead
734,Gregory Rojas,Design,Visual Designer,Mid
735,Robert Howard,Finance,Risk Analyst,Mid
736,Monica Ross,Sales,Account Manager,Mid
737,Kevin Williams,Operations,Project Manager,Senior
738,Christopher Juarez,Operations,Operations Analyst,Lead
739,Veronica Murphy,Marketing,Brand Manager,Lead
740,Kaitlyn Franklin,Sales,Sales Executive,Senior
741,Brooke Price,Sales,Account Manager,Senior
742,Shane Morales,Sales,Business Dev Rep,Lead
743,Tracy Bailey,Design,UX Researcher,Junior
744,Leslie Harris,Operations,Operations Analyst,Junior
745,Frederick Ramos,Finance,Controller,Mid
746,Amy Lee,Design,Creative Director,Lead
747,Melissa Miller,Sales,Customer Success Manager,Lead
748,Stephanie Shaw,Engineering,DevOps Engineer,Senior
749,Edwin Gomez,Marketing,Brand Manager,Lead
750,Michael Hatfield,Sales,Sales Executive,Senior
751,Jesse Wilkinson,Finance,Controller,Senior
752,Brittany Hartman,Finance,Controller,Lead
753,Janet Boone,Human Resources,L&D Specialist,Junior
754,Kyle Sanders,Operations,Logistics Coordinator,Lead
755,Amanda Miller,Operations,Project Manager,Mid
756,Samantha Grant,Sales,Sales Analyst,Junior
757,Ryan Oneill,Engineering,Backend Developer,Junior
758,Stephen Smith,Sales,Sales Executive,Senior
759,Colin Haynes,Finance,Controller,Junior
760,Ruth Medina,Human Resources,HR Generalist,Junior
761,Bruce Hensley,Sales,Customer Success Manager,Senior
762,Thomas Perkins,Design,Visual Designer,Senior
763,Gerald Horton,Engineering,Data Engineer,Junior
764,Andrew Pierce,Sales,Sales Analyst,Mid
765,Gerald West,Human Resources,L&D Specialist,Mid
766,Shelley Robinson,Human Resources,HR Generalist,Junior
767,Robin Henderson,Operations,Supply Chain Lead,Lead
768,Candice Turner,Sales,Account Manager,Junior
769,Megan Obrien,Engineering,Data Engineer,Senior
770,Leslie Jordan,Human Resources,Compensation Analyst,Junior
771,Shannon Mooney,Finance,Controller,Junior
772,Donald Jones,Design,UX Researcher,Junior
773,Karen Maxwell,Operations,Logistics Coordinator,Lead
774,Derek Lewis,Engineering,Backend Developer,Lead
775,Melissa Williams,Marketing,Brand Manager,Senior
776,Amanda Baker,Sales,Business Dev Rep,Senior
777,Amy Smith,Design,Product Designer,Mid
778,Renee Mitchell,Marketing,SEO Specialist,Senior
779,Nicholas Kim,Operations,Logistics Coordinator,Lead
780,Alyssa Rojas DDS,Operations,Operations Analyst,Senior
781,Gregory Smith,Operations,Operations Analyst,Lead
782,Karen Morse,Sales,Sales Executive,Junior
783,Erik Davis,Human Resources,L&D Specialist,Mid
784,Jordan Williams,Finance,Risk Analyst,Senior
785,Shawn Shaw,Marketing,Growth Marketer,Senior
786,Brenda Cook,Design,Visual Designer,Mid
787,Travis Huber,Marketing,SEO Specialist,Junior
788,Nicole Martin,Marketing,Growth Marketer,Senior
789,Maria Ellis,Marketing,Content Strategist,Lead
790,Mary Fritz,Sales,Sales Executive,Junior
791,Clinton Olson,Human Resources,Talent Manager,Junior
792,Kathryn Potter,Operations,Project Manager,Lead
793,Mark Patel,Human Resources,Recruiter,Senior
794,Sarah Moore,Design,Creative Director,Junior
795,Alexander Padilla,Marketing,Marketing Analyst,Lead
796,Andrew Bailey,Operations,Process Analyst,Junior
797,Jessica Mason,Human Resources,Talent Manager,Lead
798,Robert Griffin,Human Resources,HR Generalist,Senior
799,Nancy Pittman,Engineering,Backend Developer,Mid
800,Stephanie Robinson,Operations,Supply Chain Lead,Mid
801,Melanie Knight,Sales,Account Manager,Mid
802,Dr. Vincent Mcdonald,Operations,Supply Chain Lead,Junior
803,Anna Miller,Operations,Project Manager,Junior
804,Dr. Edward Chavez,Human Resources,Recruiter,Lead
805,Samuel King,Design,UI Designer,Lead
806,Michael Hernandez,Engineering,Software Engineer,Mid
807,Mary Bailey,Sales,Sales Executive,Lead
808,Joshua Abbott,Operations,Supply Chain Lead,Junior
809,Rachel Ellis,Operations,Operations Analyst,Senior
810,Richard Rivera,Design,UX Researcher,Mid
811,Paul Miller,Human Resources,Talent Manager,Mid
812,Craig Douglas,Sales,Business Dev Rep,Senior
813,Tyler Morgan,Human Resources,Compensation Analyst,Senior
814,Lisa Mcbride,Sales,Sales Analyst,Lead
815,Bradley Le,Finance,Budget Analyst,Mid
816,Raymond Lewis,Design,UI Designer,Senior
817,Nicholas Deleon,Operations,Operations Analyst,Junior
818,Anthony Obrien,Engineering,Software Engineer,Junior
819,Mark Reed,Engineering,ML Engineer,Lead
820,Elizabeth Guzman,Operations,Operations Analyst,Lead
821,Scott Hester,Operations,Operations Analyst,Senior
822,Tammy Hill,Marketing,SEO Specialist,Mid
823,Connie Howe,Human Resources,Talent Manager,Lead
824,Kimberly Molina,Operations,Process Analyst,Lead
825,Kristina Ware,Sales,Sales Analyst,Senior
826,Brenda Morrow,Operations,Process Analyst,Junior
827,Robert Gates,Sales,Business Dev Rep,Senior
828,Mary Mendoza,Human Resources,Recruiter,Mid
829,Tyler Curry,Operations,Logistics Coordinator,Lead
830,Pamela Gay,Design,Creative Director,Lead
831,Donna Greene,Operations,Logistics Coordinator,Senior
832,Jonathan Cain,Design,UI Designer,Senior
833,Jody West,Sales,Account Manager,Senior
834,Christopher Knight,Finance,Financial Analyst,Junior
835,Adam Bray,Sales,Account Manager,Junior
836,Connie Smith,Marketing,Marketing Analyst,Junior
837,Emily Howell,Sales,Sales Analyst,Mid
838,Gary Underwood,Human Resources,Compensation Analyst,Mid
839,Cindy Smith,Marketing,Growth Marketer,Senior
840,Travis Sanchez,Design,Creative Director,Mid
841,Heather Smith,Marketing,Brand Manager,Junior
842,Toni Phillips,Operations,Process Analyst,Junior
843,Stephanie Turner,Marketing,Brand Manager,Senior
844,Nicole Sanders,Finance,Accountant,Senior
845,Manuel Gonzalez,Marketing,SEO Specialist,Mid
846,Jay Jones,Operations,Process Analyst,Senior
847,Michael Bryant,Sales,Sales Analyst,Senior
848,Christopher Roy,Finance,Risk Analyst,Senior
849,Christina Jones,Human Resources,Talent Manager,Senior
850,Michael Vasquez,Human Resources,Compensation Analyst,Junior
851,Emily Daniels,Design,Visual Designer,Lead
852,Caleb Becker,Finance,Accountant,Mid
853,Kyle Crawford,Finance,Controller,Junior
854,Mindy Alvarado,Human Resources,Talent Manager,Lead
855,Elizabeth Riggs,Sales,Sales Executive,Mid
856,Anthony Brown,Design,UI Designer,Lead
857,Brian Evans,Operations,Supply Chain Lead,Lead
858,Cindy Mccann,Operations,Operations Analyst,Senior
859,Allison Vasquez,Design,UX Researcher,Lead
860,Barbara Lee,Operations,Logistics Coordinator,Mid
861,Timothy Jones,Design,Visual Designer,Mid
862,Zachary Hester,Finance,Budget Analyst,Mid
863,Kara Lee,Finance,Risk Analyst,Lead
864,Kyle Long,Marketing,Marketing Analyst,Mid
865,Oscar Turner,Sales,Account Manager,Mid
866,Matthew Jackson,Operations,Supply Chain Lead,Lead
867,Maria Ross,Design,UX Researcher,Mid
868,James Goodwin,Sales,Sales Analyst,Lead
869,Roberta Nash,Human Resources,Talent Manager,Lead
870,Erik Miller,Human Resources,HR Generalist,Mid
871,Michael Morales,Marketing,SEO Specialist,Senior
872,Garrett Thompson,Design,UI Designer,Junior
873,Shane Abbott,Finance,Budget Analyst,Senior
874,Laura Murray,Sales,Business Dev Rep,Senior
875,Ryan Harrison,Design,UI Designer,Junior
876,Tracey Mendoza,Sales,Customer Success Manager,Mid
877,Katrina Johnson,Sales,Sales Analyst,Lead
878,Craig Ellis,Marketing,SEO Specialist,Lead
879,Kelsey Keller,Marketing,Marketing Analyst,Senior
880,Lawrence Johnson,Engineering,DevOps Engineer,Lead
881,James Decker,Operations,Process Analyst,Senior
882,Michelle Silva,Engineering,DevOps Engineer,Senior
883,Jordan Gordon,Sales,Sales Executive,Lead
884,Robert Nguyen,Design,UI Designer,Mid
885,Jessica Carey,Operations,Logistics Coordinator,Lead
886,Eric Hendrix,Design,UX Researcher,Mid
887,Angel Tucker,Engineering,Data Engineer,Senior
888,Tiffany Hansen,Marketing,SEO Specialist,Junior
889,Krista Mccarthy,Human Resources,Talent Manager,Junior
890,Kenneth Ryan,Finance,Financial Analyst,Mid
891,Christian Lambert,Marketing,Marketing Analyst,Senior
892,Mark Christian,Marketing,Content Strategist,Junior
893,Anthony Williams,Engineering,Backend Developer,Senior
894,Christine Wood,Finance,Financial Analyst,Mid
895,Dr. Lisa Thompson,Human Resources,Compensation Analyst,Senior
896,Dr. Stephen Flores,Engineering,DevOps Engineer,Lead
897,Clifford Ferguson,Finance,Budget Analyst,Senior
898,Susan Mccormick,Human Resources,L&D Specialist,Senior
899,Andrea Morgan,Finance,Risk Analyst,Lead
900,Daniel Fisher,Sales,Customer Success Manager,Senior
901,Charles Hernandez,Sales,Sales Executive,Senior
902,Nathan Parker,Engineering,DevOps Engineer,Junior
903,Deborah Woods,Design,Visual Designer,Mid
904,Michael Kerr,Operations,Supply Chain Lead,Mid
905,Julia Simmons,Operations,Project Manager,Junior
906,Jacob Stein,Design,UI Designer,Senior
907,Debra Smith,Operations,Logistics Coordinator,Lead
908,Geoffrey Strickland,Engineering,DevOps Engineer,Senior
909,Scott Morgan,Marketing,Brand Manager,Mid
910,Hunter Hahn,Sales,Account Manager,Lead
911,Don Collins,Sales,Account Manager,Junior
912,Taylor Hall,Operations,Supply Chain Lead,Lead
913,Roger Potter,Finance,Controller,Mid
914,Ashley Porter,Human Resources,Compensation Analyst,Lead
915,Sarah Guerrero,Sales,Sales Analyst,Mid
916,April Luna,Design,Creative Director,Mid
917,Michael Carrillo,Operations,Logistics Coordinator,Senior
918,Steven Nichols,Engineering,DevOps Engineer,Junior
919,Timothy King,Sales,Customer Success Manager,Junior
920,Alyssa Briggs,Design,UX Researcher,Lead
921,Linda Snow,Human Resources,HR Generalist,Junior
922,Melissa Wright,Sales,Sales Executive,Senior
923,Mary Ellison,Sales,Account Manager,Lead
924,Joel Peterson,Sales,Customer Success Manager,Junior
925,James Jefferson,Engineering,Backend Developer,Junior
926,Christopher Bailey,Sales,Sales Analyst,Mid
927,Jon Hancock,Sales,Business Dev Rep,Junior
928,Todd Hansen,Sales,Account Manager,Junior
929,Stephen Parker,Engineering,Data Engineer,Senior
930,Joanne Wilson,Engineering,Backend Developer,Junior
931,Steven Berger,Engineering,ML Engineer,Junior
932,Melissa Bennett,Human Resources,HR Generalist,Lead
933,Jordan Moss,Marketing,Content Strategist,Senior
934,Michael Duran,Operations,Project Manager,Mid
935,Jennifer Jackson,Sales,Sales Analyst,Senior
936,Yolanda Meza,Operations,Logistics Coordinator,Senior
937,Michael Anderson,Marketing,Growth Marketer,Mid
938,Lee Obrien,Marketing,Growth Marketer,Junior
939,Sarah Chaney,Design,Product Designer,Senior
940,Terri Garcia,Operations,Logistics Coordinator,Mid
941,Michele Myers,Marketing,Marketing Analyst,Mid
942,Jackie Le,Finance,Financial Analyst,Lead
943,Rachael Ashley,Operations,Logistics Coordinator,Junior
944,Rebecca Hester,Finance,Accountant,Senior
945,Mrs. Melissa Jackson,Engineering,ML Engineer,Mid
946,Christopher Farrell,Operations,Project Manager,Senior
947,Molly Montoya,Operations,Project Manager,Mid
948,Tracy White,Human Resources,HR Generalist,Lead
949,Kevin Johnson,Finance,Risk Analyst,Senior
950,Lisa Morris,Design,Creative Director,Junior
951,Teresa Moore,Marketing,Marketing Analyst,Lead
952,Jonathan Zimmerman,Design,Visual Designer,Lead
953,Austin Parsons,Operations,Logistics Coordinator,Senior
954,Robert Gross,Human Resources,L&D Specialist,Junior
955,Linda Jones MD,Human Resources,HR Generalist,Junior
956,Adam Porter,Design,Product Designer,Junior
957,William Fletcher,Engineering,DevOps Engineer,Mid
958,Michael Garcia,Engineering,Software Engineer,Senior
959,Rachel Watkins,Finance,Budget Analyst,Mid
960,Alexis Johnson,Operations,Operations Analyst,Mid
961,Alexander Brown,Human Resources,HR Generalist,Mid
962,Christina Murillo,Marketing,Brand Manager,Senior
963,Rickey Johnson,Engineering,DevOps Engineer,Senior
964,Colin Brown,Human Resources,Compensation Analyst,Lead
965,Henry Lopez,Sales,Sales Executive,Senior
966,Samantha Holloway,Finance,Controller,Lead
967,Kaylee Hill,Operations,Project Manager,Mid
968,Aaron Myers,Design,UI Designer,Lead
969,Kelsey Torres,Design,UX Researcher,Junior
970,Jennifer Baker,Finance,Controller,Lead
971,Beth Walters,Operations,Supply Chain Lead,Lead
972,Christina Wood,Operations,Process Analyst,Senior
973,Anthony Fox,Design,Product Designer,Senior
974,Jennifer Beltran,Engineering,Backend Developer,Junior
975,Karen Gilmore,Design,Creative Director,Mid
976,Henry Ramirez,Finance,Risk Analyst,Mid
977,Brian Burgess,Sales,Sales Executive,Junior
978,Mark Smith,Human Resources,Talent Manager,Senior
979,Jenny Nguyen,Finance,Financial Analyst,Lead
980,John Graham,Engineering,ML Engineer,Lead
981,Victor Lopez,Design,Product Designer,Mid
982,Ms. Wendy Holden,Human Resources,Recruiter,Lead
983,Elizabeth Austin,Human Resources,L&D Specialist,Junior
984,Michael Smith,Engineering,Data Engineer,Senior
985,John Costa,Human Resources,Talent Manager,Junior
986,Evelyn Black,Engineering,Backend Developer,Senior
987,Luke Mata,Design,Product Designer,Senior
988,Shannon Acosta,Human Resources,HR Generalist,Lead
989,Miss Alyssa Mcbride,Design,Visual Designer,Lead
990,Gabriela Williamson,Engineering,Data Engineer,Senior
991,Sarah Lopez,Sales,Customer Success Manager,Mid
992,Nicole Sosa,Operations,Supply Chain Lead,Senior
993,Shawn Harris,Design,Visual Designer,Lead
994,Austin Nichols,Human Resources,Talent Manager,Junior
995,Jessica Nichols,Design,Creative Director,Mid
996,Mary Carter,Sales,Customer Success Manager,Lead
997,Matthew Jackson,Sales,Business Dev Rep,Mid
998,Dave Pittman,Design,UX Researcher,Mid
999,Renee Clark,Human Resources,Talent Manager,Junior
1000,Ronald English,Marketing,Content Strategist,Mid
